379.7,379.62
378.88,378.43
378.09,376.99
377.21,375.92
376,374.8
374.83,373.76
373.75,372.9
372.72,372.07
371.88,371.13
371.21,370.17
370.5,369.24
369.61,368.28
368.66,367.4
367.58,366.58
366.81,365.68
366.03,364.72
365.28,363.97
364.35,363.21
363.41,362.52
362.76,361.96
362.15,361.37
361.7,360.2
361.06,359.34
360.44,358.58
359.88,358.07
359.21,357.53
358.28,356.93
357.48,356.26
356.69,355.76
356.07,355.22
355.68,354.74
355.14,354.33
354.58,354.24
353.94,353.86
353.41,353.36
352.99,352.82
352.55,352.31
352.23,351.91
351.9,351.47
351.56,350.87
351.15,350.24
350.68,349.73
350.18,349.58
349.9,349.4
349.75,349.12
349.51,348.64
349.03,348.01
348.64,347.5
348.24,347.29
347.82,347.08
347.5,346.69
347.13,346.36
346.94,346.03
346.63,345.59
346.11,345.13
345.66,344.76
345.29,344.61
345.01,344.5
344.78,344.31
344.63,343.96
344.36,343.64
343.81,343.15
343.46,342.88
343.21,342.57
342.73,342.38
342.51,341.96
342.08,341.41
341.7,340.86
341.48,340.51
341.44,340.36
341.34,340.41
341.13,340.38
340.85,340.02
340.57,339.58
340.17,339.32
339.81,339.08
339.38,338.78
339.15,338.5
339.13,338.3
339.16,338.34
339.08,338.13
338.94,337.95
338.67,338.58
338.47,343.82
338.27,358.06
338.05,361.68
337.77,346.44
337.48,336.61
337.15,336.03
336.73,335.74
336.35,335.69
336.03,335.71
335.66,335.59
335.45,335.43
335.55,335.3
335.63,335.14
335.66,334.97
335.5,334.84
335.29,334.61
335.2,334.39
335.24,334.06
335.2,333.94
334.95,333.8
334.61,333.47
334.35,333.21
334.21,333.11
334.05,333.06
333.94,333.11
333.85,333.11
333.55,332.94
333.28,332.75
333.02,332.41
332.8,331.96
332.66,331.7
332.75,331.5
332.62,331.27
332.36,331.05
332.05,330.97
331.81,331.02
331.83,331
331.8,330.84
331.58,330.49
331.41,330.23
331.16,330.07
330.91,329.85
330.46,329.61
330.31,329.22
330.26,328.93
330.16,328.8
329.88,328.56
329.65,328.56
329.34,328.55
329.24,328.51
329.12,328.36
328.98,328.19
328.89,327.98
328.71,327.74
328.65,327.6
328.47,327.44
328.36,327.35
328.15,327.27
327.89,327.14
327.81,327.01
327.72,326.92
327.56,326.66
327.46,326.39
327.36,326.11
327.04,325.87
326.84,325.67
326.86,325.51
326.75,325.4
326.34,326.38
326,328.4
325.73,328.59
325.51,326.4
325.31,324.99
325.3,324.47
325.27,324.44
325.22,324.44
325.01,324.68
324.79,324.95
324.7,324.98
324.47,324.56
324.33,323.97
324.24,323.31
324.25,322.92
324.02,322.8
323.58,322.64
323.13,322.32
322.62,322
322.46,321.93
322.25,321.93
322.08,321.92
322.06,321.94
322.19,321.82
322.23,321.62
322.13,321.34
321.87,320.98
321.63,320.5
321.35,320.03
321.21,319.66
321.28,319.47
321.31,319.27
321.2,319.22
321,319.39
320.49,319.41
319.91,319.13
319.62,318.71
319.41,318.53
319.21,318.57
319,318.52
318.97,318.23
318.94,317.77
318.78,317.51
318.69,317.46
318.53,317.53
318.36,317.46
318.22,317.46
318.27,317.49
318.41,317.41
318.46,317.13
318.38,316.79
318.11,316.47
317.83,316.14
317.53,315.9
317.26,315.64
316.94,315.5
316.66,315.7
316.47,316
316.25,315.85
315.99,315.54
315.85,315.23
315.99,315.1
316.16,314.98
316.12,314.92
315.99,314.78
315.76,314.54
315.54,314.26
315.23,313.96
314.59,313.65
313.98,313.55
313.72,313.37
313.54,313.04
313.15,312.73
312.92,312.55
312.79,312.24
312.75,312.02
312.64,311.91
312.46,311.67
312.28,311.48
312.15,311.25
311.95,310.73
311.8,310.34
311.58,310.03
311.34,310
311.14,310.18
310.75,310.39
310.32,310.21
310.05,309.98
309.96,309.69
309.96,309.68
309.88,309.6
309.58,309.19
309.43,308.76
309.24,308.35
309.17,308.07
308.95,307.88
308.61,307.34
308.5,306.99
308.38,306.69
308.32,306.64
308.13,306.66
307.88,306.49
307.74,306.17
307.48,305.8
307.13,305.46
306.66,305.23
305.94,304.96
305.6,304.77
305.5,304.64
305.63,304.49
305.53,304.12
305.31,303.79
305.09,303.69
304.81,303.74
304.6,303.69
304.25,303.39
303.98,303.24
303.74,303.2
303.49,303.06
303.21,302.69
303.17,302.35
302.99,302.02
302.59,301.69
301.91,301.15
301.41,300.76
301.25,300.62
301.26,300.53
301.22,300.39
300.95,300.02
300.58,299.77
300.12,299.59
299.83,299.34
299.34,298.99
298.96,298.92
298.82,298.81
298.71,298.58
298.47,298
298.41,297.62
298.44,297.35
299.48,297.09
301.39,296.62
300.36,296.56
298.31,296.45
297.72,296.1
297.46,295.56
297.25,295.26
296.97,295.06
296.34,294.75
295.81,294.5
295.68,294.3
295.53,294.05
295.07,293.67
294.62,293.54
294.25,293.22
293.82,292.65
293.52,292.26
293.33,292.05
293.2,291.74
292.9,291.05
292.61,290.54
292.08,290.19
291.46,290.03
291.09,290.35
291.17,290.44
291.17,290.16
290.95,289.87
290.64,289.56
290.25,288.84
289.69,288.3
289.25,288.05
288.88,287.89
288.4,287.53
288.23,287.34
288.04,286.97
287.51,286.31
287.12,285.95
287.05,285.66
286.83,285.14
286.58,285.02
286.23,288.15
285.65,287.17
285.35,284.61
285.33,283.99
284.99,283.56
284.44,283.05
283.81,282.58
283.04,281.99
282.62,281.7
282.36,281.57
281.78,281.18
281.62,281.03
281.49,280.7
281.23,280.21
281.18,279.81
280.79,279.38
280.42,279.02
280.05,278.94
279.3,278.32
278.79,277.72
278.29,277.16
277.74,276.73
277.61,276.57
277.37,276.04
277.07,275.65
276.54,275.36
276.09,274.88
275.95,274.39
275.57,273.59
275.11,273.32
274.58,273.25
273.88,272.98
273.59,272.64
273.08,271.91
272.62,271.53
272.28,271.13
271.84,270.57
271.45,270.17
270.83,269.62
270.61,269.26
270.36,268.46
270.11,267.96
269.68,267.64
269.26,267.51
269.06,267.37
268.59,266.95
268.28,266.54
267.58,265.8
267.18,265.42
266.55,264.84
266,264.61
265.33,264.13
264.94,263.87
264.44,263.27
263.97,262.56
263.38,261.76
262.75,261.2
262.21,260.93
261.61,260.58
260.91,260.07
260.44,259.6
260.09,259.21
259.82,258.73
259.57,258.17
259.09,257.84
258.52,257.37
257.92,256.62
257.38,255.86
256.98,255.54
256.45,255.04
256.1,254.76
255.42,254.17
254.99,253.72
254.39,252.99
253.82,252.41
253.01,251.9
252.38,251.7
251.88,251.19
251.16,250.65
250.5,250.17
249.82,249.36
249.43,248.57
248.76,247.73
248.15,247.13
247.69,246.66
247.08,246.06
246.56,245.31
246.07,244.46
245.57,243.69
244.96,243.19
244.02,242.49
243.37,241.84
242.78,241.23
242.03,240.57
241.54,240.17
240.72,239.59
239.84,238.69
239.17,238.02
238.66,237.65
238.08,237.24
237.58,236.7
237,235.99
236.23,235.19
235.56,234.64
234.94,234.01
234.31,233.04
233.84,232.21
232.94,231.46
232.17,230.55
231.4,229.57
230.55,228.81
229.76,228.04
228.71,227.3
227.86,226.73
227.11,225.93
226.32,225.07
225.28,224.22
224.53,223.62
223.84,222.94
223.15,222.03
222.45,221.17
221.6,220.43
220.61,219.8
219.61,219.1
218.81,218.29
218.3,217.5
217.88,216.64
217.37,215.78
216.43,215.11
215.37,214.3
214.4,213.42
213.43,212.46
212.51,211.52
211.53,210.54
210.47,209.36
209.37,208.21
208.4,207.12
207.44,206.17
206.49,205.32
205.62,204.5
204.85,203.71
204.07,202.84
203.02,201.97
202.17,201.07
201.3,199.97
200.37,198.94
199.55,198.14
198.54,197.13
197.5,196.01
196.3,194.9
195.2,193.67
194.08,192.51
192.83,191.57
191.43,190.65
190.14,189.66
189.09,188.66
188.19,187.65
187.07,186.45
185.8,185.04
184.72,183.81
183.45,182.81
182.3,181.72
181.2,180.58
180.17,179.31
179.01,178.14
177.67,177.05
176.22,175.86
174.85,174.58
173.69,173.26
172.64,171.9
171.43,170.61
170.18,169.4
168.97,168.03
167.51,166.64
166.16,165.56
164.74,164.45
163.39,163.05
161.83,161.57
160.35,160.1
158.76,158.47
157.49,157.2
156.36,155.71
155.22,154.27
153.87,152.88
152.23,151.5
150.5,150.16
148.64,148.42
147.16,146.61
145.61,144.82
144.24,143.42
142.69,141.8
141.13,140.24
139.44,138.78
137.83,137.25
136.14,135.67
134.34,133.92
132.78,132.24
131.3,130.54
129.61,128.74
127.8,126.99
125.94,125.23
124.16,123.5
122.4,121.79
120.62,119.99
118.67,117.94
116.66,115.84
114.74,113.94
112.78,112.11
110.71,110.34
108.59,108.42
106.59,106.38
104.59,104.23
102.69,102.27
100.85,100.36
98.874,98.341
96.809,96.221
94.635,93.995
92.409,91.78
90.135,89.556
87.746,87.389
85.334,85.161
82.9,82.885
80.685,80.709
78.503,78.548
76.254,76.247
73.829,73.779
71.287,71.223
68.714,68.654
66.171,66.106
63.658,63.595
61.182,61.105
58.512,58.364
55.781,55.669
53.125,52.95
50.635,50.374
48.013,47.887
45.248,45.052
42.387,42.116
39.509,39.127
36.637,36.252
33.763,33.49
30.824,30.61
27.836,27.624
24.773,24.565
21.558,21.374
18.252,18.18
14.991,14.963
11.747,11.745
8.4943,8.4723
5.3113,5.259
2.0409,2.0592
0,0
0,0
0,0
0,0
0,0
0,0
0,0
0,0
0,0
0,0
0,0
0,0
0,0
0,0
0,0
0,0
0,0
0,0
0,0
0,0
0,0
0,0
0,0
0,0
0,0
0,0
0,0
0,0
0,0
0,0
0,0
0,0
0,0
0,0
0,0
0,0
0,0
0,0
0,0
0,0
0,0
0,0
0,0
0,0
0,0
0,0
0,0
0,0
0,0
0,0
0,0
0,0
0,0
0,0
0,0
0,0
0,0
0,0
0,0
0,0
0,0
0,0
0,0
0,0
0,0
0,0
0,0
0,0
0,0
0,0
0,0
0,0
0,0
0,0
0,0
0,0
0,0
0,0
0,0
0,0
0,0
0,0
0,0
0,0
0,0
0,0
0,0
0,0
0,0
0,0
0,0
0,0
0,0
0,0
0,0
0,0
0,0
0,0
0,0
0,0
0,0
0,0
0,0
0,0
0,0
0,0
0,0
0,0
0,0
0,0
0,0
0,0
0,0
0,0
0,0
0,0
0,0
0,0
0,0
0,0
0,0
0,0
0,0
0,0
0,0
0,0
0,0
0,0
0,0
0,0
0,0
0,0
0,0
0,0
0,0
0,0
0,0
0,0
0,0
0,0
0,0
0,0
0,0
0,0
0,0
0,0
0,0
0,0
0,0
0,0
0,0
0,0
0,0
0,0
0,0
0,0
0,0
0,0
0,0
0,0
0,0
0,0
0,0
0,0
0,0
0,0
0,0
0,0
0,0
0,0
0,0
0,0
0,0
0,0
0,0
0,0
0,0
0,0
0,0
0,0
0,0
0,0
0,0
0,0
0,0
0,0
0,0
0,0
0,0
0,0
0,0
0,0
0,0
0,0
0,0
0,0
0,0
0,0
0,0
0,0
0,0
0,0
0,0
0,0
0,0
0,0
0,0
0,0
0,0
0,0
0,0
0,0
0,0
0,0
0,0
0,0
0,0
0,0
0,0
0,0
0,0
0,0
0,0
0,0
0,0
0,0
0,0
0,0
0,0
0,0
0,0
0,0
0,0
0,0
0,0
0,0
0,0
0,0
0,0
0,0
0,0
0,0
0,0
0,0
0,0
0,0
0,0
0,0
0,0
0,0
0,0
0,0
0,0
0,0
0,0
0,0
0,0
0,0
0,0
0,0
0,0
0,0
0,0
0,0
0,0
0,0
0,0
0,0
0,0
0,0
0,0
0,0
0,0
0,0
0,0
0,0
0,0
0,0
0,0
0,0
0,0
0,0
0,0
0,0
0,0
0,0
0,0
0,0
0,0
0,0
0,0
0,0
0,0
0,0
0,0
0,0
0,0
0,0
0,0
0,0
0,0
0,0
0,0
0,0
0,0
0,0
0,0
0,0
0,0
0,0
0,0
0,0
0,0
0,0
0,0
0,0
0,0
0,0
0,0
0,0
0,0
0,0
0,0
0,0
0,0
0,0
0,0
0,0
0,0
0,0
0,0
0,0
0,0
0,0
0,0
0,0
0,0
0,0
0,0
0,0
0,0
0,0
0,0
0,0
0,0
0,0
0,0
0,0
0,0
0,0
0,0
0,0
0,0
0,0
0,0
0,0
0,0
0,0
0,0
0,0
0,0
0,0
0,0
0,0
0,0
0,0
0,0
0,0
0,0
0,0
0,0
0,0
0,0
0,0
0,0
0,0
0,0
0,0
0,0
0,0
0,0
0,0
0,0
0,0
0,0
0,0
0,0
0,0
0,0
0,0
0,0
0,0
0,0
0,0
0,0
0,0
0,0
0,0
0,0
0,0
0,0
0,0
0,0
0,0
0,0
0,0
0,0
0,0
0,0
0,0
0,0
0,0
0,0
0,0
0,0
0,0
0,0
0,0
0,0
0,0
0,0
0,0
0,0
0,0
0,0
0,0
0,0
0,0
0,0
0,0
0,0
0,0
0,0
0,0
0,0
0,0
0,0
0,0
0,0
0,0
0,0
0,0
0,0
0,0
0,0
0,0
0,0
0,0
0,0
0,0
0,0
0,0
0,0
0,0
0,0
0,0
0,0
0,0
0,0
0,0
0,0
0,0
0,0
0,0
0,0
0,0
0,0
0,0
0,0
0,0
0,0
0,0
0,0
0,0
0,0
0,0
0,0
0,0
0,0
0,0
0,0
0,0
0,0
0,0
0,0
0,0
0,0
0,0
0,0
0,0
0,0
0,0
0,0
0,0
0,0
0,0
0,0
0,0
0,0
0,0
0,0
0,0
0,0
0,0
0,0
0,0
0,0
0,0
0,0
0,0
0,0
0,0
0,0
0,0
0,0
0,0
0,0
0,0
0,0
0,0
0,0
0,0
0,0
0,0
0,0
0,0
0,0
0,0
0,0
0,0
0,0
0,0
0,0
0,0
0,0
0,0
0,0
0,0
0,0
0,0
0,0
0,0
0,0
0,0
0,0
0,0
0,0
0,0
0,0
0,0
0,0
0,0
0,0
0,0
0,0
0,0
0,0
0,0
0,0
0,0
0,0
0,0
0,0
0,0
0,0
0,0
0,0
0,0
0,0
0,0
0,0
0,0
0,0
0,0
0,0
0,0
0,0
0,0
0,0
0,0
0,0
0,0
0,0
0,0
0,0
0,0
0,0
0,0
0,0
0,0
0,0
0,0
0,0
0,0
0,0
0,0
0,0
0,0
0,0
0,0
0,0
0,0
0,0
0,0
0,0
0,0
0,0
0,0
0,0
0,0
0,0
0,0
0,0
0,0
0,0
0,0
0,0
0,0
0,0
0,0
0,0
0,0
0,0
0,0
0,0
0,0
0,0
0,0
0,0
0,0
0,0
0,0
0,0
0,0
0,0
0,0
0,0
0,0
0,0
0,0
0,0
0,0
0,0
0,0
0,0
0,0
0,0
0,0
0,0
0,0
0,0
0,0
0,0
0,0
0,0
0,0
0,0
0,0
0,0
0,0
0,0
0,0
0,0
0,0
0,0
0,0
0,0
0,0
0,0
0,0
0,0
0,0
0,0
0,0
0,0
0,0
0,0
0,0
0,0
0,0
0,0
0,0
0,0
0,0
0,0
0,0
0,0
0,0
0,0
0,0
0,0
0,0
0,0
0,0
0,0
0,0
0,0
0,0
0,0
0,0
0,0
0,0
0,0
0,0
0,0
0,0
0,0
0,0
0,0
0,0
0,0
0,0
0,0
0,0
0,0
0,0
0,0
0,0
0,0
0,0
0,0
0,0
0,0
0,0
0,0
0,0
0,0
0,0
0,0
0,0
0,0
0,0
0,0
0,0
0,0
0,0
0,0
0,0
0,0
0,0
0,0
0,0
0,0
0,0
0,0
0,0
0,0
0,0
0,0
0,0
0,0
0,0
0,0
0,0
0,0
0,0
0,0
0,0
0,0
0,0
0,0
0,0
0,0
0,0
0,0
0,0
0,0
0,0
0,0
0,0
0,0
0,0
0,0
0,0
0,0
0,0
0,0
0,0
0,0
0,0
0,0
0,0
0,0
0,0
0,0
0,0
0,0
0,0
0,0
0,0
0,0
0,0
0,0
0,0
0,0
0,0
0,0
0,0
0,0
0,0
0,0
0,0
0,0
0,0
0,0
0,0
0,0
0,0
0,0
0,0
0,0
0,0
0,0
0,0
0,0
0,0
0,0
0,0
0,0
0,0
0,0
0,0
0,0
0,0
0,0
0,0
0,0
0,0
0,0
0,0
0,0
0,0
0,0
0,0
0,0
0,0
0,0
0,0
0,0
0,0
0,0
0,0
0,0
0,0
0,0
0,0
0,0
0,0
0,0
0,0
0,0
0,0
0,0
0,0
0,0
0,0
0,0
0,0
0,0
0,0
0,0
0,0
0,0
0,0
0,0
0,0
0,0
0,0
0,0
0,0
0,0
0,0
0,0
0,0
0,0
0,0
0,0
0,0
0,0
0,0
0,0
0,0
0,0
0,0
0,0
0,0
0,0
0,0
0,0
0,0
0,0
0,0
0,0
0,0
0,0
0,0
0,0
0,0
0,0
0,0
0,0
0,0
0,0
0,0
0,0
0,0
0,0
0,0
0,0
0,0
0,0
0,0
0,0
0,0
0,0
0,0
0,0
0,0
0,0
0,0
0,0
0,0
0,0
0,0
0,0
0,0
0,0
0,0
0,0
0,0
0,0
0,0
0,0
0,0
0,0
0,0
0,0
0,0
0,0
0,0
0,0
0,0
0,0
0,0
0,0
0,0
0,0
0,0
0,0
0,0
0,0
0,0
0,0
0,0
0,0
0,0
0,0
0,0
0,0
0,0
0,0
0,0
0,0
0,0
0,0
0,0
0,0
0,0
0,0
0,0
0,0
0,0
0,0
0,0
0,0
0,0
0,0
0,0
0,0
0,0
0,0
0,0
0,0
0,0
0,0
0,0
0,0
0,0
0,0
0,0
0,0
0,0
0,0
0,0
0,0
0,0
0,0
0,0
0,0
0,0
0,0
0,0
0,0
0,0
0,0
0,0
0,0
0,0
0,0
0,0
0,0
0,0
0,0
0,0
0,0
0,0
0,0
0,0
0,0
0,0
0,0
0,0
0,0
0,0
0,0
0,0
0,0
0,0
0,0
0,0
0,0
0,0
0,0
0,0
0,0
0,0
0,0
0,0
0,0
0,0
0,0
0,0
0,0
0,0
0,0
0,0
0,0
0,0
0,0
0,0
0,0
0,0
0,0
0,0
0,0
0,0
0,0
0,0
0,0
0,0
0,0
0,0
0,0
0,0
0,0
0,0
0,0
0,0
0,0
0,0
0,0
0,0
0,0
0,0
0,0
0,0
0,0
0,0
0,0
0,0
0,0
0,0
0,0
0,0
0,0
0,0
0,0
0,0
0,0
0,0
0,0
0,0
0,0
0,0
0,0
0,0
0,0
0,0
0,0
0,0
0,0
0,0
0,0
0,0
0,0
0,0
0,0
0,0
0,0
0,0
0,0
0,0
0,0
0,0
0,0
0,0
0,0
0,0
0,0
0,0
0,0
0,0
0,0
0,0
0,0
0,0
0,0
0,0
0,0
0,0
0,0
0,0
0,0
0,0
0,0
0,0
0,0
0,0
0,0
0,0
0,0
0,0
0,0
0,0
0,0
0,0
0,0
0,0
0,0
0,0
0,0
0,0
0,0
0,0
0,0
0,0
0,0
0,0
0,0
0,0
0,0
0,0
0,0
0,0
0,0
0,0
0,0
0,0
0,0
0,0
0,0
0,0
0,0
0,0
0,0
0,0
0,0
0,0
0,0
0,0
0,0
0,0
0,0
0,0
0,0
0,0
0,0
0,0
0,0
0,0
0,0
0,0
0,0
0,0
0,0
0,0
0,0
0,0
0,0
0,0
0,0
0,0
0,0
0,0
0,0
0,0
0,0
0,0
0,0
0,0
0,0
0,0
0,0
0,0
0,0
0,0
0,0
0,0
0,0
0,0
0,0
0,0
0,0
0,0
0,0
0,0
0,0
0,0
0,0
0,0
0,0
0,0
0,0
0,0
0,0
0,0
0,0
0,0
0,0
0,0
0,0
0,0
0,0
0,0
0,0
0,0
0,0
0,0
0,0
0,0
0,0
0,0
0,0
0,0
0,0
0,0
0,0
0,0
0,0
0,0
0,0
0,0
0,0
0,0
0,0
0,0
0,0
0,0
0,0
0,0
0,0
0,0
0,0
0,0
0,0
0,0
0,0
0,0
0,0
0,0
0,0
0,0
0,0
0,0
0,0
0,0
0,0
0,0
0,0
0,0
0,0
0,0
0,0
0,0
0,0
0,0
0,0
0,0
0,0
0,0
0,0
0,0
0,0
0,0
0,0
0,0
0,0
0,0
0,0
0,0
0,0
0,0
0,0
0,0
0,0
0,0
0,0
0,0
0,0
0,0
0,0
0,0
0,0
0,0
0,0
0,0
0,0
0,0
0,0
0,0
0,0
0,0
0,0
0,0
0,0
0,0
0,0
0,0
0,0
0,0
0,0
0,0
0,0
0,0
0,0
0,0
0,0
0,0
0,0
0,0
0,0
0,0
0,0
0,0
0,0
0,0
0,0
0,0
0,0
0,0
0,0
0,0
0,0
0,0
0,0
0,0
0,0
0,0
0,0
0,0
0,0
0,0
0,0
0,0
0,0
0,0
0,0
0,0
0,0
0,0
0,0
0,0
0,0
0,0
0,0
0,0
0,0
0,0
0,0
0,0
0,0
0,0
0,0
0,0
0,0
0,0
0,0
0,0
0,0
0,0
0,0
0,0
0,0
0,0
0,0
0,0
0,0
0,0
0,0
0,0
0,0
0,0
0,0
0,0
0,0
0,0
0,0
0,0
0,0
0,0
0,0
0,0
0,0
0,0
0,0
0,0
0,0
0,0
0,0
0,0
0,0
0,0
0,0
0,0
0,0
0,0
0,0
0,0
0,0
0,0
0,0
0,0
0,0
0,0
0,0
0,0
0,0
0,0
0,0
0,0
0,0
0,0
0,0
0,0
0,0
0,0
0,0
0,0
0,0
0,0
0,0
0,0
0,0
0,0
0,0
0,0
0,0
0,0
0,0
0,0
0,0
0,0
0,0
0,0
0,0
0,0
0,0
0,0
0,0
0,0
0,0
0,0
0,0
0,0
0,0
0,0
0,0
0,0
0,0
0,0
0,0
0,0
0,0
0,0
0,0
0,0
0,0
0,0
0,0
0,0
0,0
0,0
0,0
0,0
0,0
0,0
0,0
0,0
0,0
0,0
0,0
0,0
0,0
0,0
0,0
0,0
0,0
0,0
0,0
0,0
0,0
0,0
0,0
0,0
0,0
0,0
0,0
0,0
0,0
0,0
0,0
0,0
0,0
0,0
0,0
0,0
0,0
0,0
0,0
0,0
0,0
0,0
0,0
0,0
0,0
0,0
0,0
0,0
0,0
0,0
0,0
0,0
0,0
0,0
0,0
0,0
0,0
0,0
0,0
0,0
0,0
0,0
0,0
0,0
0,0
0,0
0,0
0,0
0,0
0,0
0,0
0,0
0,0
0,0
0,0
0,0
0,0
0,0
0,0
0,0
0,0
0,0
0,0
0,0
0,0
0,0
0,0
0,0
0,0
0,0
0,0
0,0
0,0
0,0
0,0
0,0
0,0
0,0
0,0
0,0
0,0
0,0
0,0
0,0
0,0
0,0
0,0
0,0
0,0
0,0
0,0
0,0
0,0
0,0
0,0
0,0
0,0
0,0
0,0
0,0
0,0
0,0
0,0
0,0
0,0
0,0
0,0
0,0
0,0
0,0
0,0
0,0
0,0
0,0
0,0
0,0
0,0
0,0
0,0
0,0
0,0
0,0
0,0
0,0
0,0
0,0
0,0
0,0
0,0
0,0
0,0
0,0
0,0
0,0
0,0
0,0
0,0
0,0
0,0
0,0
0,0
0,0
0,0
0,0
0,0
0,0
0,0
0,0
0,0
0,0
0,0
0,0
0,0
0,0
0,0
0,0
0,0
0,0
0,0
0,0
0,0
0,0
0,0
0,0
0,0
0,0
0,0
0,0
0,0
0,0
0,0
0,0
0,0
0,0
0,0
0,0
0,0
0,0
0,0
0,0
0,0
0,0
0,0
0,0
0,0
0,0
0,0
0,0
0,0
0,0
0,0
0,0
0,0
0,0
0,0
0,0
0,0
0,0
0,0
0,0
0,0
0,0
0,0
0,0
0,0
0,0
0,0
0,0
0,0
0,0
0,0
0,0
0,0
0,0
0,0
0,0
0,0
0,0
0,0
0,0
0,0
0,0
0,0
0,0
0,0
0,0
0,0
0,0
0,0
0,0
0,0
0,0
0,0
0,0
0,0
0,0
0,0
0,0
0,0
0,0
0,0
0,0
0,0
0,0
0,0
0,0
0,0
0,0
0,0
0,0
0,0
0,0
0,0
0,0
0,0
0,0
0,0
0,0
0,0
0,0
0,0
0,0
0,0
0,0
0,0
0,0
0,0
0,0
0,0
0,0
0,0
0,0
0,0
0,0
0.044995,0.045469
0.13011,0.13114
0.78251,0.78886
2.0648,2.0809
3.3653,3.3761
4.1792,4.1628
5.0275,4.9871
5.8204,5.7652
6.5244,6.4762
7.1672,7.1212
7.9935,7.9167
8.713,8.6039
9.4536,9.3255
10.15,10.017
10.922,10.804
11.615,11.521
12.527,12.44
13.637,13.568
14.751,14.683
15.99,15.925
17.095,17.068
18.181,18.214
19.157,19.219
20.225,20.279
21.327,21.377
22.279,22.36
23.351,23.468
24.415,24.537
25.333,25.471
26.598,26.731
27.58,27.648
28.584,28.569
29.769,29.685
30.671,30.551
31.856,31.712
32.779,32.6
33.796,33.576
34.977,34.763
35.787,35.62
36.957,36.841
37.934,37.833
38.908,38.833
40.032,39.956
41.009,40.914
42.144,41.993
43.037,42.868
44.203,44.049
45.184,45.05
46.184,46.016
47.322,47.148
48.327,48.134
49.463,49.24
50.367,50.123
51.547,51.291
52.36,52.106
53.532,53.248
54.446,54.113
55.557,55.167
56.468,56.1
57.556,57.181
58.509,58.153
59.544,59.283
60.55,60.399
61.51,61.429
62.512,62.507
63.474,63.486
64.412,64.39
65.487,65.374
66.463,66.223
67.569,67.2
68.552,68.157
69.634,69.312
70.522,70.317
71.697,71.61
72.552,72.541
73.743,73.783
74.578,74.579
75.899,75.776
76.719,76.446
78.002,77.629
78.935,78.538
79.958,79.58
81.038,80.71
81.931,81.644
83.058,82.764
84.054,83.765
85.137,84.89
86.108,85.892
87.288,87.087
88.291,88.042
89.342,89.093
90.481,90.26
91.467,91.388
92.5,92.574
93.41,93.584
94.394,94.623
95.414,95.631
96.422,96.602
97.605,97.703
98.642,98.632
99.715,99.651
100.86,100.81
101.86,101.87
103,103.09
104.13,104.27
105.31,105.41
106.57,106.57
107.7,107.55
108.86,108.58
109.97,109.72
111,110.86
111.99,112
113.15,113.21
114.27,114.25
115.42,115.27
116.73,116.53
117.73,117.56
118.79,118.62
120.25,120.03
121.37,121.08
122.49,122.14
124,123.59
125.04,124.65
126.03,125.73
127.3,127.17
128.42,128.42
129.5,129.57
130.71,130.9
131.94,132.21
133.16,133.44
134.43,134.68
135.53,135.53
136.79,136.55
138.23,137.78
139.43,138.91
140.44,139.93
141.67,141.28
143.07,142.74
144.29,144.04
145.52,145.44
146.85,146.83
148.09,147.96
149.48,149.14
151.1,150.54
152.48,151.75
153.64,152.89
154.99,154.33
156.26,155.81
157.35,157.25
158.54,158.74
159.89,160.24
161.19,161.57
162.47,162.85
164.07,164.23
166.29,165.73
168.36,167.04
170.04,168.33
171.77,169.78
173.04,171.29
174.07,172.69
175.24,174.04
176.48,175.5
177.6,176.88
178.82,178.28
180.22,179.75
182.05,181.46
183.48,182.76
184.97,184.22
186.52,185.75
188.37,187.4
190.41,189
192.2,190.53
193.77,192.12
195.31,193.87
196.83,195.46
198.33,196.97
199.81,198.56
201.32,200.18
202.86,202
204.41,203.83
206.01,205.5
207.83,207.4
209.74,209.35
211.49,211.07
213.13,212.55
214.65,214.05
216.6,216
218.51,217.8
220.41,219.62
222.33,221.63
224.14,223.68
226.11,225.81
228.31,227.84
230.43,229.75
232.43,231.89
234.32,233.88
236.33,236.01
238.4,238.23
240.34,240.16
242.33,242.15
244.6,244.24
246.75,246.68
248.93,249.4
251.06,251.66
253.31,253.42
255.71,255.29
257.8,257.38
259.93,259.58
262.14,261.99
264.43,264.45
266.86,266.82
269.34,269.01
271.72,271.34
274.18,273.89
276.75,276.48
279.39,279.02
282.19,281.86
284.87,284.72
287.51,287.48
290.26,290.06
293.14,292.61
295.99,295.24
298.8,298.04
301.6,300.77
304.52,303.55
307.24,306.4
310.1,309.3
313.23,312.24
316.43,315.19
319.75,318.24
322.97,321.39
326,324.64
328.9,328
332.3,331.73
335.79,335.24
339.37,338.74
342.85,342.29
346.4,345.91
350.28,349.76
354.51,353.83
358.47,357.81
362.32,361.99
366.09,366.02
369.82,369.95
373.68,373.95
377.62,378.02
381.84,382.29
386.49,387.01
391,391.65
395.8,396.17
400.5,400.46
403.8,403.52
406.86,406.81
409.58,409.89
412.51,412.99
415.47,415.84
418.9,418.72
422.6,422.05
425.71,425.4
429.21,429.34
432.59,433.07
436.43,437.11
440.75,441.41
444.81,445.26
449.09,449.56
453.51,453.92
458.28,458.82
463.21,463.87
468.54,468.8
474.49,474.27
480.31,479.88
486.73,485.93
493.1,492.26
499.7,498.82
506.52,505.82
513.06,512.67
520.6,520.28
528.22,527.83
536.68,535.84
544.87,544.08
553.31,553.09
563.3,563.27
573.38,573.59
584.69,585.26
595.59,596.51
607.67,608.84
619.99,621.15
632.8,633.48
646.61,647.15
660.06,660.88
676.56,677.55
692.6,693.5
711.72,712.38
730.63,731.5
751.03,752.21
773.72,775.12
796.09,796.8
821.76,822.28
846.81,848.14
876.43,878.62
906.43,908.92
939.23,941.32
973.9,975.71
1011.4,1013.4
1054.5,1056.8
1098.6,1100.4
1150,1152.3
1202.5,1205.6
1261.4,1265.3
1324.2,1329.2
1401.2,1407
1485.1,1490
1581.9,1585.9
1688.2,1691.6
1803.3,1806.3
1933.6,1938.3
2086.5,2092.9
2313.8,2320
2586.4,2592.7
2800.9,2816.6
2936.2,2950.1
3102.8,3105
3190.8,3190.8
3312,3312.3
3387.2,3386.1
3280.3,3276.6
3160.7,3156.3
3070.5,3068
3128.9,3129.5
3109.7,3110.4
3101.9,3102.3
3096.4,3094.8
3081.1,3076.8
3073.4,3072.1
3039.9,3041.8
3055.2,3058.1
3084.4,3088.2
3051.3,3052.2
3068.1,3065.4
3087.5,3086
3059,3057
2996.3,2994
3062.7,3061
3147.5,3143.7
3241.6,3232.4
3294.5,3284.3
3448.7,3439.5
3648.9,3639.7
3761.7,3753.8
4052.5,4045.6
4319,4311.5
4317.3,4310
4161.6,4146.6
3998.7,3968.5
3792.6,3762
3569,3539.9
3376.4,3345.1
3100.1,3070.2
2764.1,2736.6
2477.2,2450.6
2261.5,2238.6
2082.7,2065.7
1937,1923.1
1809,1796.6
1694.8,1683.4
1591.6,1581.4
1498.4,1489.4
1412.9,1406
1335.1,1330.3
1267.4,1263.2
1208.3,1204.2
1155.3,1151.6
1105.4,1102.4
1058.2,1056.8
1015.6,1015.7
977.21,977.43
942.02,941.85
909.62,909.53
879.25,878.94
850.57,850.09
824.05,823.89
798.65,799.07
775.62,776.37
755.2,755.66
735.66,735.34
717.21,716.25
700.15,698.95
683.86,682.84
668.4,667.61
653.75,653.09
640.01,639.76
627.03,627.3
614.87,615.21
603.29,603.46
592.36,592.43
582.53,582.76
573.27,573.48
564.43,564.4
556.19,555.81
548.18,547.53
540.17,539.43
532.5,531.58
525.21,524.3
518.26,517.73
511.66,511.7
505.24,506.07
499.18,500.59
493.7,494.86
488.66,488.88
483.64,483.28
478.52,478.36
473.61,473.72
469.02,469.5
464.67,465.17
460.67,460.98
456.53,457.07
452.67,453.39
449.28,449.55
446.27,445.77
443.33,442.36
440.44,439.29
437.58,436.24
434.41,433.44
431.1,430.81
427.78,428.03
424.87,425.29
422.42,422.43
419.94,419.92
417.57,417.35
415.49,415.1
413.56,413.12
411.46,411.17
409.44,409.04
407.51,406.88
405.67,404.82
403.65,402.81
401.6,400.79
399.45,398.8
397.47,397.03
395.73,395.43
394.23,393.83
392.97,392.27
391.43,390.88
389.61,389.62
387.82,388.52
386.57,387.19
385.51,385.77
384.33,384.28
383.1,382.92
381.74,381.73
380.62,380.71
379.7,379.62
